what,kind,bundleId,bundleVersion,description,time
deactivated,workbench,org.eclipse.ui.workbench,3.7.1.v20120104-1859,"",1387212476285
activated,workbench,org.eclipse.ui.workbench,3.7.1.v20120104-1859,"",1387212478301
opened,editor,org.eclipse.jdt.ui,3.7.2.v20120109-1427,"org.eclipse.jdt.ui.CompilationUnitEditor",1387212478426
activated,editor,org.eclipse.jdt.ui,3.7.2.v20120109-1427,"org.eclipse.jdt.ui.CompilationUnitEditor",1387212478535
executed,command,org.eclipse.ui,3.7.0.v20110928-1505,"org.eclipse.ui.edit.selectAll",1387212479238
executed,command,org.eclipse.ui,3.7.0.v20110928-1505,"org.eclipse.ui.edit.paste",1387212479884
executed,command,org.eclipse.ui,3.7.0.v20110928-1505,"org.eclipse.ui.file.save",1387212482009
activated,editor,org.eclipse.jdt.ui,3.7.2.v20120109-1427,"org.eclipse.jdt.ui.CompilationUnitEditor",1387212484291
deactivated,workbench,org.eclipse.ui.workbench,3.7.1.v20120104-1859,"",1387212486391
activated,workbench,org.eclipse.ui.workbench,3.7.1.v20120104-1859,"",1387212489352
deactivated,workbench,org.eclipse.ui.workbench,3.7.1.v20120104-1859,"",1387212491562
activated,workbench,org.eclipse.ui.workbench,3.7.1.v20120104-1859,"",1387212499833
deactivated,workbench,org.eclipse.ui.workbench,3.7.1.v20120104-1859,"",1387212501271
activated,workbench,org.eclipse.ui.workbench,3.7.1.v20120104-1859,"",1387212505287
opened,editor,org.eclipse.jdt.ui,3.7.2.v20120109-1427,"org.eclipse.jdt.ui.CompilationUnitEditor",1387212505443
activated,editor,org.eclipse.jdt.ui,3.7.2.v20120109-1427,"org.eclipse.jdt.ui.CompilationUnitEditor",1387212505552
executed,command,org.eclipse.ui,3.7.0.v20110928-1505,"org.eclipse.ui.edit.selectAll",1387212506490
executed,command,org.eclipse.ui,3.7.0.v20110928-1505,"org.eclipse.ui.edit.paste",1387212507134
executed,command,org.eclipse.ui,3.7.0.v20110928-1505,"org.eclipse.ui.file.save",1387212510468
deactivated,workbench,org.eclipse.ui.workbench,3.7.1.v20120104-1859,"",1387212511390
activated,workbench,org.eclipse.ui.workbench,3.7.1.v20120104-1859,"",1387212518911
deactivated,workbench,org.eclipse.ui.workbench,3.7.1.v20120104-1859,"",1387212520882
activated,workbench,org.eclipse.ui.workbench,3.7.1.v20120104-1859,"",1387212524219
opened,editor,org.eclipse.jdt.ui,3.7.2.v20120109-1427,"org.eclipse.jdt.ui.CompilationUnitEditor",1387212524344
activated,editor,org.eclipse.jdt.ui,3.7.2.v20120109-1427,"org.eclipse.jdt.ui.CompilationUnitEditor",1387212524454
executed,command,org.eclipse.ui,3.7.0.v20110928-1505,"org.eclipse.ui.edit.selectAll",1387212525345
executed,command,org.eclipse.ui,3.7.0.v20110928-1505,"org.eclipse.ui.edit.paste",1387212526647
executed,command,org.eclipse.ui,3.7.0.v20110928-1505,"org.eclipse.ui.file.save",1387212527994
deactivated,workbench,org.eclipse.ui.workbench,3.7.1.v20120104-1859,"",1387212529825
activated,workbench,org.eclipse.ui.workbench,3.7.1.v20120104-1859,"",1387212535673
deactivated,workbench,org.eclipse.ui.workbench,3.7.1.v20120104-1859,"",1387212537111
activated,workbench,org.eclipse.ui.workbench,3.7.1.v20120104-1859,"",1387212540470
opened,editor,org.eclipse.jdt.ui,3.7.2.v20120109-1427,"org.eclipse.jdt.ui.CompilationUnitEditor",1387212540580
activated,editor,org.eclipse.jdt.ui,3.7.2.v20120109-1427,"org.eclipse.jdt.ui.CompilationUnitEditor",1387212540673
executed,command,org.eclipse.ui,3.7.0.v20110928-1505,"org.eclipse.ui.edit.selectAll",1387212541658
executed,command,org.eclipse.ui,3.7.0.v20110928-1505,"org.eclipse.ui.edit.paste",1387212542486
deactivated,workbench,org.eclipse.ui.workbench,3.7.1.v20120104-1859,"",1387212546911
activated,workbench,org.eclipse.ui.workbench,3.7.1.v20120104-1859,"",1387212547005
activated,editor,org.eclipse.jdt.ui,3.7.2.v20120109-1427,"org.eclipse.jdt.ui.CompilationUnitEditor",1387212551487
activated,editor,org.eclipse.jdt.ui,3.7.2.v20120109-1427,"org.eclipse.jdt.ui.CompilationUnitEditor",1387212554856
activated,editor,org.eclipse.jdt.ui,3.7.2.v20120109-1427,"org.eclipse.jdt.ui.CompilationUnitEditor",1387212557356
activated,editor,org.eclipse.jdt.ui,3.7.2.v20120109-1427,"org.eclipse.jdt.ui.CompilationUnitEditor",1387212561082
activated,editor,org.eclipse.jdt.ui,3.7.2.v20120109-1427,"org.eclipse.jdt.ui.CompilationUnitEditor",1387212562186
activated,editor,org.eclipse.jdt.ui,3.7.2.v20120109-1427,"org.eclipse.jdt.ui.CompilationUnitEditor",1387212564766
activated,editor,org.eclipse.jdt.ui,3.7.2.v20120109-1427,"org.eclipse.jdt.ui.CompilationUnitEditor",1387212566977
deactivated,workbench,org.eclipse.ui.workbench,3.7.1.v20120104-1859,"",1387212568792
activated,workbench,org.eclipse.ui.workbench,3.7.1.v20120104-1859,"",1387212579344
deactivated,workbench,org.eclipse.ui.workbench,3.7.1.v20120104-1859,"",1387212589539
activated,workbench,org.eclipse.ui.workbench,3.7.1.v20120104-1859,"",1387212589680
executed,command,org.eclipse.ui,3.7.0.v20110928-1505,"org.eclipse.ui.file.save",1387212615603
activated,editor,org.eclipse.jdt.ui,3.7.2.v20120109-1427,"org.eclipse.jdt.ui.CompilationUnitEditor",1387212617717
activated,editor,org.eclipse.jdt.ui,3.7.2.v20120109-1427,"org.eclipse.jdt.ui.CompilationUnitEditor",1387212618888
executed,command,org.eclipse.ui,3.7.0.v20110928-1505,"org.eclipse.ui.edit.cut",1387212690471
executed,command,org.eclipse.ui,3.7.0.v20110928-1505,"org.eclipse.ui.edit.paste",1387212695449
executed,command,org.eclipse.ui,3.7.0.v20110928-1505,"org.eclipse.ui.edit.cut",1387212964970
executed,command,org.eclipse.ui,3.7.0.v20110928-1505,"org.eclipse.ui.edit.paste",1387212969854
executed,command,org.eclipse.ui,3.7.0.v20110928-1505,"org.eclipse.ui.edit.undo",1387212978554
started,bundle,org.eclipse.mylyn.java.tasks,3.6.0.v20110608-1400,"org.eclipse.mylyn.java.tasks",1387212982120
executed,command,org.eclipse.ui,3.7.0.v20110928-1505,"org.eclipse.ui.edit.undo",1387212982229
executed,command,org.eclipse.ui,3.7.0.v20110928-1505,"org.eclipse.ui.edit.undo",1387213005836
executed,command,org.eclipse.ui,3.7.0.v20110928-1505,"org.eclipse.ui.edit.cut",1387213044668
executed,command,org.eclipse.ui,3.7.0.v20110928-1505,"org.eclipse.ui.edit.paste",1387213048599
executed,command,org.eclipse.ui,3.7.0.v20110928-1505,"org.eclipse.ui.edit.undo",1387213075895
executed,command,org.eclipse.ui,3.7.0.v20110928-1505,"org.eclipse.ui.edit.cut",1387213108097
executed,command,org.eclipse.ui,3.7.0.v20110928-1505,"org.eclipse.ui.edit.paste",1387213112925
executed,command,org.eclipse.ui,3.7.0.v20110928-1505,"org.eclipse.ui.edit.cut",1387213173344
executed,command,org.eclipse.ui,3.7.0.v20110928-1505,"org.eclipse.ui.edit.paste",1387213177250
executed,command,org.eclipse.ui,3.7.0.v20110928-1505,"org.eclipse.ui.edit.undo",1387213323322
executed,command,org.eclipse.ui,3.7.0.v20110928-1505,"org.eclipse.ui.edit.undo",1387213422171
executed,command,org.eclipse.ui,3.7.0.v20110928-1505,"org.eclipse.ui.file.save",1387213428510
activated,editor,org.eclipse.jdt.ui,3.7.2.v20120109-1427,"org.eclipse.jdt.ui.CompilationUnitEditor",1387213430628
executed,command,org.eclipse.ui,3.7.0.v20110928-1505,"org.eclipse.ui.edit.undo",1387213558500
executed,command,org.eclipse.ui,3.7.0.v20110928-1505,"org.eclipse.ui.edit.cut",1387213565239
executed,command,org.eclipse.ui,3.7.0.v20110928-1505,"org.eclipse.ui.edit.paste",1387213568730
executed,command,org.eclipse.ui,3.7.0.v20110928-1505,"org.eclipse.ui.edit.undo",1387213661550
executed,command,org.eclipse.ui,3.7.0.v20110928-1505,"org.eclipse.ui.edit.undo",1387213663497
executed,command,org.eclipse.ui,3.7.0.v20110928-1505,"org.eclipse.ui.edit.cut",1387213681685
executed,command,org.eclipse.ui,3.7.0.v20110928-1505,"org.eclipse.ui.edit.paste",1387213685421
executed,command,org.eclipse.ui,3.7.0.v20110928-1505,"org.eclipse.ui.file.save",1387213692348
activated,editor,org.eclipse.jdt.ui,3.7.2.v20120109-1427,"org.eclipse.jdt.ui.CompilationUnitEditor",1387213693318
executed,command,org.eclipse.ui,3.7.0.v20110928-1505,"org.eclipse.ui.file.save",1387213728908
activated,editor,org.eclipse.jdt.ui,3.7.2.v20120109-1427,"org.eclipse.jdt.ui.CompilationUnitEditor",1387213730196
deactivated,workbench,org.eclipse.ui.workbench,3.7.1.v20120104-1859,"",1387213732291
activated,workbench,org.eclipse.ui.workbench,3.7.1.v20120104-1859,"",1387213732385
deactivated,workbench,org.eclipse.ui.workbench,3.7.1.v20120104-1859,"",1387213734125
activated,workbench,org.eclipse.ui.workbench,3.7.1.v20120104-1859,"",1387213734234
deactivated,workbench,org.eclipse.ui.workbench,3.7.1.v20120104-1859,"",1387213735830
activated,workbench,org.eclipse.ui.workbench,3.7.1.v20120104-1859,"",1387213735955
executed,command,org.eclipse.ui,3.7.0.v20110928-1505,"org.eclipse.ui.file.save",1387213750878
activated,editor,org.eclipse.jdt.ui,3.7.2.v20120109-1427,"org.eclipse.jdt.ui.CompilationUnitEditor",1387213751629
activated,editor,org.eclipse.jdt.ui,3.7.2.v20120109-1427,"org.eclipse.jdt.ui.CompilationUnitEditor",1387213755267
executed,command,org.eclipse.ui,3.7.0.v20110928-1505,"org.eclipse.ui.file.save",1387213795159
activated,editor,org.eclipse.jdt.ui,3.7.2.v20120109-1427,"org.eclipse.jdt.ui.CompilationUnitEditor",1387213797495
executed,command,org.eclipse.ui,3.7.0.v20110928-1505,"org.eclipse.ui.file.save",1387213798589
deactivated,workbench,org.eclipse.ui.workbench,3.7.1.v20120104-1859,"",1387213801125
activated,workbench,org.eclipse.ui.workbench,3.7.1.v20120104-1859,"",1387213803569
started,bundle,org.eclipse.m2e.launching,1.0.200.20111228-1245,"org.eclipse.m2e.launching",1387213804084
activated,editor,org.eclipse.jdt.ui,3.7.2.v20120109-1427,"org.eclipse.jdt.ui.CompilationUnitEditor",1387213809285
started,bundle,org.eclipse.mylyn.ide.ui,3.6.0.v20110608-1400,"org.eclipse.mylyn.ide.ui",1387213811248
started,bundle,org.eclipse.mylyn.java.ui,3.6.0.v20110608-1400,"org.eclipse.mylyn.java.ui",1387213811342
executed,command,org.eclipse.ui,3.7.0.v20110928-1505,"org.eclipse.ui.edit.text.contentAssist.proposals",1387213811811
executed,command,org.eclipse.ui,3.7.0.v20110928-1505,"org.eclipse.ui.file.save",1387213816980
opened,view,org.eclipse.ui.console,3.5.100.v20111007_r372,"org.eclipse.ui.console.ConsoleView",1387213818434
activated,view,org.eclipse.ui.console,3.5.100.v20111007_r372,"org.eclipse.ui.console.ConsoleView",1387213820235
activated,editor,org.eclipse.jdt.ui,3.7.2.v20120109-1427,"org.eclipse.jdt.ui.CompilationUnitEditor",1387213820282
closed,view,org.eclipse.ui.console,3.5.100.v20111007_r372,"org.eclipse.ui.console.ConsoleView",1387213820313
activated,view,org.eclipse.jdt.ui,3.7.2.v20120109-1427,"org.eclipse.jdt.ui.PackageExplorer",1387213822901
deactivated,workbench,org.eclipse.ui.workbench,3.7.1.v20120104-1859,"",1387213824840
activated,workbench,org.eclipse.ui.workbench,3.7.1.v20120104-1859,"",1387213831350
executed,command,org.eclipse.ui,3.7.0.v20110928-1505,"org.eclipse.ui.file.properties",1387213831365
activated,editor,org.eclipse.jdt.ui,3.7.2.v20120109-1427,"org.eclipse.jdt.ui.CompilationUnitEditor",1387213832509
executed,command,org.eclipse.ui,3.7.0.v20110928-1505,"org.eclipse.ui.edit.text.contentAssist.proposals",1387213837469
executed,command,org.eclipse.ui,3.7.0.v20110928-1505,"org.eclipse.ui.file.save",1387213850405
deactivated,workbench,org.eclipse.ui.workbench,3.7.1.v20120104-1859,"",1387213851874
activated,workbench,org.eclipse.ui.workbench,3.7.1.v20120104-1859,"",1387213853155
deactivated,workbench,org.eclipse.ui.workbench,3.7.1.v20120104-1859,"",1387214084255
activated,workbench,org.eclipse.ui.workbench,3.7.1.v20120104-1859,"",1387214095442
activated,workbench,org.eclipse.ui.workbench,3.7.1.v20120104-1859,"",1387214095520
deactivated,workbench,org.eclipse.ui.workbench,3.7.1.v20120104-1859,"",1387214095567
activated,workbench,org.eclipse.ui.workbench,3.7.1.v20120104-1859,"",1387214095598
deactivated,workbench,org.eclipse.ui.workbench,3.7.1.v20120104-1859,"",1387214095598
activated,workbench,org.eclipse.ui.workbench,3.7.1.v20120104-1859,"",1387214112365
deactivated,workbench,org.eclipse.ui.workbench,3.7.1.v20120104-1859,"",1387214118434
activated,workbench,org.eclipse.ui.workbench,3.7.1.v20120104-1859,"",1387214121313
deactivated,workbench,org.eclipse.ui.workbench,3.7.1.v20120104-1859,"",1387214122478
activated,workbench,org.eclipse.ui.workbench,3.7.1.v20120104-1859,"",1387214324807
executed,command,org.eclipse.ui,3.7.0.v20110928-1505,"org.eclipse.ui.file.save",1387214361044
activated,editor,org.eclipse.jdt.ui,3.7.2.v20120109-1427,"org.eclipse.jdt.ui.CompilationUnitEditor",1387214382246
executed,command,org.eclipse.ui,3.7.0.v20110928-1505,"org.eclipse.ui.edit.text.contentAssist.proposals",1387214424593
executed,command,org.eclipse.ui,3.7.0.v20110928-1505,"org.eclipse.ui.edit.copy",1387214472527
executed,command,org.eclipse.ui,3.7.0.v20110928-1505,"org.eclipse.ui.edit.paste",1387214473824
executed,command,org.eclipse.ui,3.7.0.v20110928-1505,"org.eclipse.ui.edit.copy",1387214488013
executed,command,org.eclipse.ui,3.7.0.v20110928-1505,"org.eclipse.ui.edit.paste",1387214489513
executed,command,org.eclipse.ui,3.7.0.v20110928-1505,"org.eclipse.ui.edit.paste",1387214494997
executed,command,org.eclipse.ui,3.7.0.v20110928-1505,"org.eclipse.ui.edit.copy",1387214582029
executed,command,org.eclipse.ui,3.7.0.v20110928-1505,"org.eclipse.ui.edit.paste",1387214585701
executed,command,org.eclipse.ui,3.7.0.v20110928-1505,"org.eclipse.ui.edit.undo",1387214726249
executed,command,org.eclipse.ui,3.7.0.v20110928-1505,"org.eclipse.ui.edit.undo",1387214728218
executed,command,org.eclipse.ui,3.7.0.v20110928-1505,"org.eclipse.ui.edit.undo",1387214906098
deactivated,workbench,org.eclipse.ui.workbench,3.7.1.v20120104-1859,"",1387214997405
activated,workbench,org.eclipse.ui.workbench,3.7.1.v20120104-1859,"",1387215000124
executed,command,org.eclipse.ui,3.7.0.v20110928-1505,"org.eclipse.ui.edit.undo",1387215094893
executed,command,org.eclipse.ui,3.7.0.v20110928-1505,"org.eclipse.ui.edit.undo",1387215219431
executed,command,org.eclipse.ui,3.7.0.v20110928-1505,"org.eclipse.ui.edit.copy",1387215262522
executed,command,org.eclipse.ui,3.7.0.v20110928-1505,"org.eclipse.ui.edit.paste",1387215263960
executed,command,org.eclipse.ui,3.7.0.v20110928-1505,"org.eclipse.ui.edit.text.contentAssist.proposals",1387215335464
executed,command,org.eclipse.ui,3.7.0.v20110928-1505,"org.eclipse.ui.edit.undo",1387215437780
deactivated,workbench,org.eclipse.ui.workbench,3.7.1.v20120104-1859,"",1387215700961
deactivated,workbench,org.eclipse.ui.workbench,3.7.1.v20120104-1859,"",1387215744302
activated,workbench,org.eclipse.ui.workbench,3.7.1.v20120104-1859,"",1387215745443
activated,view,org.eclipse.jdt.ui,3.7.2.v20120109-1427,"org.eclipse.jdt.ui.PackageExplorer",1387215749479
activated,editor,org.eclipse.jdt.ui,3.7.2.v20120109-1427,"org.eclipse.jdt.ui.CompilationUnitEditor",1387215751313
activated,editor,org.eclipse.jdt.ui,3.7.2.v20120109-1427,"org.eclipse.jdt.ui.CompilationUnitEditor",1387215769673
executed,command,org.eclipse.ui,3.7.0.v20110928-1505,"org.eclipse.ui.edit.text.contentAssist.proposals",1387215771798
executed,command,org.eclipse.ui,3.7.0.v20110928-1505,"org.eclipse.ui.edit.text.contentAssist.proposals",1387215775786
deactivated,workbench,org.eclipse.ui.workbench,3.7.1.v20120104-1859,"",1387215795928
activated,workbench,org.eclipse.ui.workbench,3.7.1.v20120104-1859,"",1387215797834
executed,command,org.eclipse.ui,3.7.0.v20110928-1505,"org.eclipse.ui.edit.cut",1387215817200
executed,command,org.eclipse.ui,3.7.0.v20110928-1505,"org.eclipse.ui.edit.paste",1387215819184
activated,editor,org.eclipse.jdt.ui,3.7.2.v20120109-1427,"org.eclipse.jdt.ui.CompilationUnitEditor",1387215840810
activated,editor,org.eclipse.jdt.ui,3.7.2.v20120109-1427,"org.eclipse.jdt.ui.CompilationUnitEditor",1387215854846
executed,command,org.eclipse.ui,3.7.0.v20110928-1505,"org.eclipse.ui.edit.text.contentAssist.proposals",1387215858717
activated,editor,org.eclipse.jdt.ui,3.7.2.v20120109-1427,"org.eclipse.jdt.ui.CompilationUnitEditor",1387215863083
executed,command,org.eclipse.ui,3.7.0.v20110928-1505,"org.eclipse.ui.edit.text.contentAssist.proposals",1387215889520
executed,command,org.eclipse.ui,3.7.0.v20110928-1505,"org.eclipse.ui.edit.text.contentAssist.proposals",1387215895705
executed,command,org.eclipse.ui,3.7.0.v20110928-1505,"org.eclipse.ui.file.save",1387215902381
activated,editor,org.eclipse.jdt.ui,3.7.2.v20120109-1427,"org.eclipse.jdt.ui.CompilationUnitEditor",1387215902975
executed,command,org.eclipse.ui,3.7.0.v20110928-1505,"org.eclipse.ui.edit.text.contentAssist.proposals",1387215906597
deactivated,workbench,org.eclipse.ui.workbench,3.7.1.v20120104-1859,"",1387215914598
activated,workbench,org.eclipse.ui.workbench,3.7.1.v20120104-1859,"",1387215916165
deactivated,workbench,org.eclipse.ui.workbench,3.7.1.v20120104-1859,"",1387215931935
activated,workbench,org.eclipse.ui.workbench,3.7.1.v20120104-1859,"",1387215933404
deactivated,workbench,org.eclipse.ui.workbench,3.7.1.v20120104-1859,"",1387215933889
activated,workbench,org.eclipse.ui.workbench,3.7.1.v20120104-1859,"",1387215953805
deactivated,workbench,org.eclipse.ui.workbench,3.7.1.v20120104-1859,"",1387215954217
activated,workbench,org.eclipse.ui.workbench,3.7.1.v20120104-1859,"",1387215994827
activated,editor,org.eclipse.jdt.ui,3.7.2.v20120109-1427,"org.eclipse.jdt.ui.CompilationUnitEditor",1387215996703
executed,command,org.eclipse.ui,3.7.0.v20110928-1505,"org.eclipse.ui.file.save",1387216005120
deactivated,workbench,org.eclipse.ui.workbench,3.7.1.v20120104-1859,"",1387216006559
activated,workbench,org.eclipse.ui.workbench,3.7.1.v20120104-1859,"",1387216014200
activated,editor,org.eclipse.jdt.ui,3.7.2.v20120109-1427,"org.eclipse.jdt.ui.CompilationUnitEditor",1387216038515
executed,command,org.eclipse.ui,3.7.0.v20110928-1505,"org.eclipse.ui.file.save",1387216051943
activated,editor,org.eclipse.jdt.ui,3.7.2.v20120109-1427,"org.eclipse.jdt.ui.CompilationUnitEditor",1387216053740
deactivated,workbench,org.eclipse.ui.workbench,3.7.1.v20120104-1859,"",1387216077870
activated,workbench,org.eclipse.ui.workbench,3.7.1.v20120104-1859,"",1387216173818
deactivated,workbench,org.eclipse.ui.workbench,3.7.1.v20120104-1859,"",1387216174981
activated,workbench,org.eclipse.ui.workbench,3.7.1.v20120104-1859,"",1387216175794
deactivated,workbench,org.eclipse.ui.workbench,3.7.1.v20120104-1859,"",1387216176200
activated,workbench,org.eclipse.ui.workbench,3.7.1.v20120104-1859,"",1387216177546
activated,editor,org.eclipse.jdt.ui,3.7.2.v20120109-1427,"org.eclipse.jdt.ui.CompilationUnitEditor",1387216179768
activated,editor,org.eclipse.jdt.ui,3.7.2.v20120109-1427,"org.eclipse.jdt.ui.CompilationUnitEditor",1387216184978
activated,editor,org.eclipse.jdt.ui,3.7.2.v20120109-1427,"org.eclipse.jdt.ui.CompilationUnitEditor",1387216311895
activated,editor,org.eclipse.jdt.ui,3.7.2.v20120109-1427,"org.eclipse.jdt.ui.CompilationUnitEditor",1387216438487
deactivated,workbench,org.eclipse.ui.workbench,3.7.1.v20120104-1859,"",1387216442583
activated,workbench,org.eclipse.ui.workbench,3.7.1.v20120104-1859,"",1387218462630
activated,editor,org.eclipse.jdt.ui,3.7.2.v20120109-1427,"org.eclipse.jdt.ui.CompilationUnitEditor",1387218464630
closed,editor,org.eclipse.jdt.ui,3.7.2.v20120109-1427,"org.eclipse.jdt.ui.CompilationUnitEditor",1387218464630
closed,editor,org.eclipse.jdt.ui,3.7.2.v20120109-1427,"org.eclipse.jdt.ui.CompilationUnitEditor",1387218465286
closed,editor,org.eclipse.jdt.ui,3.7.2.v20120109-1427,"org.eclipse.jdt.ui.CompilationUnitEditor",1387218466399
closed,editor,org.eclipse.jdt.ui,3.7.2.v20120109-1427,"org.eclipse.jdt.ui.CompilationUnitEditor",1387218467086
closed,editor,org.eclipse.jdt.ui,3.7.2.v20120109-1427,"org.eclipse.jdt.ui.CompilationUnitEditor",1387218467852
deactivated,workbench,org.eclipse.ui.workbench,3.7.1.v20120104-1859,"",1387218468796
activated,workbench,org.eclipse.ui.workbench,3.7.1.v20120104-1859,"",1387218470624
executed,command,org.eclipse.ui,3.7.0.v20110928-1505,"org.eclipse.ui.file.save",1387218471562
activated,view,org.eclipse.jdt.ui,3.7.2.v20120109-1427,"org.eclipse.jdt.ui.PackageExplorer",1387218473031
closed,editor,org.eclipse.jdt.ui,3.7.2.v20120109-1427,"org.eclipse.jdt.ui.CompilationUnitEditor",1387218473031
deactivated,workbench,org.eclipse.ui.workbench,3.7.1.v20120104-1859,"",1387218473782
activated,workbench,org.eclipse.ui.workbench,3.7.1.v20120104-1859,"",1387218480676
opened,editor,org.eclipse.jdt.ui,3.7.2.v20120109-1427,"org.eclipse.jdt.ui.CompilationUnitEditor",1387218481113
activated,editor,org.eclipse.jdt.ui,3.7.2.v20120109-1427,"org.eclipse.jdt.ui.CompilationUnitEditor",1387218481207
executed,command,org.eclipse.ui,3.7.0.v20110928-1505,"org.eclipse.ui.edit.selectAll",1387218484416
executed,command,org.eclipse.ui,3.7.0.v20110928-1505,"org.eclipse.ui.edit.paste",1387218484994
executed,command,org.eclipse.ui,3.7.0.v20110928-1505,"org.eclipse.ui.edit.selectAll",1387218494979
executed,command,org.eclipse.ui,3.7.0.v20110928-1505,"org.eclipse.ui.edit.undo",1387218495933
executed,command,org.eclipse.ui,3.7.0.v20110928-1505,"org.eclipse.ui.edit.undo",1387218496120
executed,command,org.eclipse.ui,3.7.0.v20110928-1505,"org.eclipse.ui.edit.undo",1387218496604
deactivated,workbench,org.eclipse.ui.workbench,3.7.1.v20120104-1859,"",1387218498308
activated,workbench,org.eclipse.ui.workbench,3.7.1.v20120104-1859,"",1387218517527
deactivated,workbench,org.eclipse.ui.workbench,3.7.1.v20120104-1859,"",1387218523481
activated,workbench,org.eclipse.ui.workbench,3.7.1.v20120104-1859,"",1387218581276
executed,command,org.eclipse.ui,3.7.0.v20110928-1505,"org.eclipse.ui.edit.selectAll",1387218582088
executed,command,org.eclipse.ui,3.7.0.v20110928-1505,"org.eclipse.ui.edit.paste",1387218582588
deactivated,workbench,org.eclipse.ui.workbench,3.7.1.v20120104-1859,"",1387218599919
activated,workbench,org.eclipse.ui.workbench,3.7.1.v20120104-1859,"",1387218611834
executed,command,org.eclipse.ui,3.7.0.v20110928-1505,"org.eclipse.ui.edit.text.contentAssist.proposals",1387218625303
executed,command,org.eclipse.ui,3.7.0.v20110928-1505,"org.eclipse.ui.edit.copy",1387218628741
executed,command,org.eclipse.ui,3.7.0.v20110928-1505,"org.eclipse.ui.edit.paste",1387218629882
executed,command,org.eclipse.ui,3.7.0.v20110928-1505,"org.eclipse.ui.edit.paste",1387218632288
deactivated,workbench,org.eclipse.ui.workbench,3.7.1.v20120104-1859,"",1387218659430
activated,workbench,org.eclipse.ui.workbench,3.7.1.v20120104-1859,"",1387218663806
deactivated,workbench,org.eclipse.ui.workbench,3.7.1.v20120104-1859,"",1387218675103
activated,workbench,org.eclipse.ui.workbench,3.7.1.v20120104-1859,"",1387218678306
executed,command,org.eclipse.ui,3.7.0.v20110928-1505,"org.eclipse.ui.edit.undo",1387218679416
executed,command,org.eclipse.ui,3.7.0.v20110928-1505,"org.eclipse.ui.edit.undo",1387218679760
deactivated,workbench,org.eclipse.ui.workbench,3.7.1.v20120104-1859,"",1387218686447
activated,workbench,org.eclipse.ui.workbench,3.7.1.v20120104-1859,"",1387218691995
deactivated,workbench,org.eclipse.ui.workbench,3.7.1.v20120104-1859,"",1387218697479
activated,workbench,org.eclipse.ui.workbench,3.7.1.v20120104-1859,"",1387218701261
deactivated,workbench,org.eclipse.ui.workbench,3.7.1.v20120104-1859,"",1387218706433
activated,workbench,org.eclipse.ui.workbench,3.7.1.v20120104-1859,"",1387218710496
executed,command,org.eclipse.ui,3.7.0.v20110928-1505,"org.eclipse.ui.edit.text.contentAssist.proposals",1387218717652
executed,command,org.eclipse.ui,3.7.0.v20110928-1505,"org.eclipse.ui.edit.text.contentAssist.proposals",1387218740185
deactivated,workbench,org.eclipse.ui.workbench,3.7.1.v20120104-1859,"",1387218760795
activated,workbench,org.eclipse.ui.workbench,3.7.1.v20120104-1859,"",1387218760936
executed,command,org.eclipse.ui,3.7.0.v20110928-1505,"org.eclipse.ui.edit.text.contentAssist.proposals",1387218777234
deactivated,workbench,org.eclipse.ui.workbench,3.7.1.v20120104-1859,"",1387218799438
activated,workbench,org.eclipse.ui.workbench,3.7.1.v20120104-1859,"",1387218806423
deactivated,workbench,org.eclipse.ui.workbench,3.7.1.v20120104-1859,"",1387218809157
activated,workbench,org.eclipse.ui.workbench,3.7.1.v20120104-1859,"",1387218813736
executed,command,org.eclipse.ui,3.7.0.v20110928-1505,"org.eclipse.ui.edit.text.contentAssist.proposals",1387218822908
executed,command,org.eclipse.ui,3.7.0.v20110928-1505,"org.eclipse.ui.edit.text.contentAssist.proposals",1387218829424
deactivated,workbench,org.eclipse.ui.workbench,3.7.1.v20120104-1859,"",1387218842894
activated,workbench,org.eclipse.ui.workbench,3.7.1.v20120104-1859,"",1387218850628
executed,command,org.eclipse.ui,3.7.0.v20110928-1505,"org.eclipse.ui.edit.undo",1387218870920
executed,command,org.eclipse.ui,3.7.0.v20110928-1505,"org.eclipse.ui.edit.undo",1387218871107
executed,command,org.eclipse.ui,3.7.0.v20110928-1505,"org.eclipse.ui.edit.undo",1387218871451
executed,command,org.eclipse.ui,3.7.0.v20110928-1505,"org.eclipse.ui.edit.undo",1387218871748
executed,command,org.eclipse.ui,3.7.0.v20110928-1505,"org.eclipse.ui.edit.undo",1387218871998
executed,command,org.eclipse.ui,3.7.0.v20110928-1505,"org.eclipse.ui.edit.undo",1387218872248
executed,command,org.eclipse.ui,3.7.0.v20110928-1505,"org.eclipse.ui.edit.text.contentAssist.proposals",1387218880842
executed,command,org.eclipse.ui,3.7.0.v20110928-1505,"org.eclipse.ui.file.save",1387218884858
deactivated,workbench,org.eclipse.ui.workbench,3.7.1.v20120104-1859,"",1387218886655
activated,workbench,org.eclipse.ui.workbench,3.7.1.v20120104-1859,"",1387218909766
deactivated,workbench,org.eclipse.ui.workbench,3.7.1.v20120104-1859,"",1387218911110
activated,workbench,org.eclipse.ui.workbench,3.7.1.v20120104-1859,"",1387218914501
deactivated,workbench,org.eclipse.ui.workbench,3.7.1.v20120104-1859,"",1387218916219
activated,workbench,org.eclipse.ui.workbench,3.7.1.v20120104-1859,"",1387218922485
opened,editor,org.eclipse.jdt.ui,3.7.2.v20120109-1427,"org.eclipse.jdt.ui.CompilationUnitEditor",1387218922610
activated,editor,org.eclipse.jdt.ui,3.7.2.v20120109-1427,"org.eclipse.jdt.ui.CompilationUnitEditor",1387218922688
deactivated,workbench,org.eclipse.ui.workbench,3.7.1.v20120104-1859,"",1387218926689
activated,workbench,org.eclipse.ui.workbench,3.7.1.v20120104-1859,"",1387218937455
executed,command,org.eclipse.ui,3.7.0.v20110928-1505,"org.eclipse.ui.edit.paste",1387218939205
activated,editor,org.eclipse.jdt.ui,3.7.2.v20120109-1427,"org.eclipse.jdt.ui.CompilationUnitEditor",1387218948065
executed,command,org.eclipse.ui,3.7.0.v20110928-1505,"org.eclipse.ui.file.save",1387218952893
activated,editor,org.eclipse.jdt.ui,3.7.2.v20120109-1427,"org.eclipse.jdt.ui.CompilationUnitEditor",1387218953440
